{
    "1": {
        "regions": [],
        "counter_polygons": [
            {
                "normalized": [
                    {
                        "x": 0.066796875,
                        "y": 0.7319444444444444
                    },
                    {
                        "x": 0.164453125,
                        "y": 0.8069444444444445
                    },
                    {
                        "x": 0.431640625,
                        "y": 0.1763888888888889
                    },
                    {
                        "x": 0.334765625,
                        "y": 0.16111111111111112
                    }
                ]
            }
        ]
    }
}